-0.22588,-0.21278,-0.19751,-0.20802,-0.18305,-0.16452,-0.14633,-0.13172,-0.11664,-0.097298,-0.085579,-0.07808,-0.071695,-0.065351,-0.058027,-0.048778,-0.037932,-0.02642,-0.012836,0.0035085,0.01752,0.026283,0.031758,0.0361,0.040836,0.047885,0.05936,0.071896,0.07942,0.083086,0.085251,0.086843,0.08816,0.089315,0.090357,0.091313,0.0922,0.093028,0.09381,0.094551,0.095263,0.095953,0.09663,0.097304,0.097985,0.098678,0.099392,0.10013,0.10089,0.10166,0.10244,0.10323,0.104,0.10476,0.10549,0.10621,0.1069,0.10756,0.10821,0.10884,0.10946,0.11007,0.11066,0.11125,0.11182,0.11239,0.11294,0.11348,0.11401,0.11453,0.11503,0.11552,0.11599,0.11645,0.11689,0.11731,0.11771,0.1181,0.11848,0.11884
-0.22588,-0.21278,-0.19739,-0.20785,-0.18292,-0.1645,-0.1465,-0.13197,-0.11777,-0.098679,-0.086003,-0.078314,-0.071961,-0.065771,-0.058787,-0.05005,-0.039635,-0.028623,-0.016304,-0.0010278,0.013912,0.024143,0.030404,0.034884,0.039091,0.044334,0.05238,0.063899,0.074554,0.0808,0.08412,0.086201,0.087748,0.089023,0.090134,0.091132,0.092044,0.092888,0.093675,0.094416,0.095117,0.095788,0.096435,0.097066,0.097689,0.098312,0.098943,0.099588,0.10025,0.10094,0.10164,0.10236,0.10309,0.10382,0.10455,0.10526,0.10595,0.10663,0.10728,0.10791,0.10853,0.10912,0.10971,0.11028,0.11084,0.11139,0.11194,0.11247,0.113,0.11352,0.11403,0.11452,0.11501,0.11548,0.11594,0.11639,0.11682,0.11723,0.11764,0.11802
-0.22588,-0.21278,-0.1973,-0.20769,-0.1828,-0.16447,-0.14668,-0.13221,-0.1187,-0.10024,-0.086521,-0.078567,-0.072223,-0.066165,-0.05948,-0.051225,-0.041248,-0.030618,-0.019266,-0.0053323,0.0098583,0.021537,0.028824,0.033679,0.037733,0.042097,0.047978,0.056712,0.067576,0.076552,0.081911,0.084997,0.087025,0.088546,0.089792,0.090869,0.091831,0.092707,0.093515,0.094267,0.094973,0.09564,0.096275,0.096884,0.097475,0.098055,0.09863,0.099206,0.099791,0.10039,0.10101,0.10164,0.1023,0.10297,0.10365,0.10433,0.10501,0.10568,0.10633,0.10697,0.10759,0.10819,0.10877,0.10934,0.10989,0.11043,0.11097,0.11149,0.11201,0.11251,0.11301,0.11351,0.11399,0.11447,0.11494,0.11539,0.11584,0.11627,0.1167,0.11711
-0.22588,-0.21278,-0.19723,-0.20752,-0.18268,-0.16442,-0.14687,-0.13243,-0.11947,-0.10192,-0.08717,-0.078848,-0.072484,-0.066535,-0.060114,-0.052305,-0.042777,-0.032465,-0.021815,-0.0092242,0.0055534,0.018422,0.026927,0.032381,0.03652,0.040478,0.045171,0.051664,0.060636,0.070467,0.078078,0.082807,0.08573,0.087729,0.089238,0.090469,0.091524,0.092458,0.093305,0.094084,0.094806,0.095482,0.096119,0.096724,0.097302,0.097859,0.098402,0.098935,0.099466,0.099999,0.10054,0.1011,0.10167,0.10226,0.10287,0.10349,0.10412,0.10476,0.10539,0.10602,0.10664,0.10724,0.10783,0.1084,0.10895,0.1095,0.11002,0.11054,0.11104,0.11154,0.11203,0.11251,0.11299,0.11346,0.11392,0.11437,0.11482,0.11526,0.11569,0.11612
-0.22588,-0.21278,-0.19718,-0.20734,-0.18256,-0.16437,-0.14708,-0.13265,-0.12011,-0.10364,-0.087966,-0.079165,-0.072748,-0.066888,-0.060696,-0.053297,-0.044221,-0.034209,-0.024049,-0.01263,0.0012415,0.014831,0.024635,0.0309,0.035322,0.039144,0.043204,0.048298,0.05524,0.064019,0.07272,0.079259,0.083523,0.086326,0.088311,0.089825,0.091052,0.092096,0.093013,0.093839,0.094594,0.095292,0.095944,0.096556,0.097135,0.097686,0.098215,0.098727,0.099227,0.09972,0.10021,0.1007,0.10121,0.10172,0.10225,0.1028,0.10336,0.10393,0.10452,0.10511,0.10571,0.1063,0.10688,0.10745,0.10801,0.10856,0.10909,0.1096,0.1101,0.1106,0.11108,0.11155,0.11201,0.11247,0.11292,0.11337,0.11381,0.11424,0.11467,0.11509
-0.22588,-0.21278,-0.19714,-0.20716,-0.18245,-0.16432,-0.1473,-0.13287,-0.12064,-0.10531,-0.088938,-0.079532,-0.07302,-0.067226,-0.061234,-0.054206,-0.04558,-0.035873,-0.026057,-0.015566,-0.0028508,0.010878,0.021891,0.029155,0.034048,0.03793,0.041671,0.045943,0.05141,0.058559,0.066845,0.07448,0.080185,0.084085,0.086795,0.088777,0.090305,0.091542,0.092586,0.093495,0.094307,0.095045,0.095726,0.096358,0.09695,0.097508,0.098037,0.098543,0.099029,0.099501,0.099963,0.10042,0.10087,0.10133,0.1018,0.10227,0.10276,0.10326,0.10378,0.10431,0.10486,0.10541,0.10596,0.10652,0.10706,0.10761,0.10814,0.10866,0.10916,0.10966,0.11014,0.11061,0.11107,0.11152,0.11196,0.1124,0.11283,0.11325,0.11367,0.11408
-0.22588,-0.21278,-0.19711,-0.20695,-0.18234,-0.16426,-0.14754,-0.13308,-0.12109,-0.10686,-0.090102,-0.079964,-0.073305,-0.067555,-0.061734,-0.05504,-0.046853,-0.037469,-0.027908,-0.018101,-0.0065636,0.0067506,0.018688,0.027069,0.032619,0.036725,0.040358,0.04416,0.048678,0.054423,0.061531,0.069162,0.075866,0.080909,0.084516,0.087143,0.089128,0.09068,0.091937,0.09299,0.093902,0.094709,0.095438,0.096105,0.096723,0.0973,0.097841,0.098354,0.09884,0.099306,0.099756,0.10019,0.10062,0.10104,0.10146,0.10189,0.10232,0.10275,0.1032,0.10367,0.10415,0.10464,0.10514,0.10565,0.10616,0.10668,0.1072,0.10771,0.10821,0.10871,0.10919,0.10966,0.11013,0.11058,0.11102,0.11145,0.11187,0.11229,0.1127,0.11311
-0.22588,-0.21278,-0.19709,-0.20671,-0.18224,-0.16421,-0.1478,-0.13331,-0.12149,-0.10825,-0.091458,-0.08048,-0.073609,-0.067879,-0.062203,-0.055807,-0.04804,-0.038999,-0.029652,-0.020325,-0.0098337,0.0026675,0.015088,0.024586,0.03096,0.035453,0.039135,0.04269,0.046617,0.051365,0.057247,0.064115,0.071036,0.076961,0.081475,0.084833,0.087381,0.089366,0.090946,0.092233,0.093308,0.09423,0.095041,0.095768,0.096429,0.097039,0.097605,0.098134,0.098633,0.099105,0.099556,0.099987,0.1004,0.10081,0.1012,0.1016,0.10199,0.10238,0.10278,0.10318,0.1036,0.10402,0.10446,0.10491,0.10537,0.10584,0.10632,0.1068,0.10729,0.10777,0.10825,0.10872,0.10918,0.10963,0.11007,0.11051,0.11093,0.11135,0.11175,0.11215
-0.22588,-0.21278,-0.19707,-0.20643,-0.18214,-0.16416,-0.14808,-0.13353,-0.12184,-0.10945,-0.092986,-0.081102,-0.07394,-0.068201,-0.062646,-0.056513,-0.049142,-0.040463,-0.031319,-0.022318,-0.012674,-0.0011799,0.011226,0.021681,0.029006,0.034044,0.037916,0.041389,0.04497,0.049047,0.053951,0.059822,0.066317,0.072579,0.077837,0.081917,0.085054,0.08752,0.089498,0.091106,0.092428,0.093534,0.094477,0.095301,0.096033,0.096695,0.097301,0.097861,0.098384,0.098874,0.099336,0.099774,0.10019,0.10059,0.10098,0.10136,0.10173,0.10209,0.10245,0.10282,0.10318,0.10356,0.10394,0.10433,0.10473,0.10515,0.10557,0.106,0.10644,0.10689,0.10734,0.10779,0.10824,0.10869,0.10913,0.10956,0.10999,0.1104,0.11081,0.11121
-0.22588,-0.21278,-0.19706,-0.2061,-0.18204,-0.16411,-0.14837,-0.13377,-0.12216,-0.11046,-0.094633,-0.081854,-0.07431,-0.068526,-0.063068,-0.057167,-0.050164,-0.041859,-0.032927,-0.024151,-0.015142,-0.0046681,0.0072816,0.018385,0.026699,0.032431,0.036631,0.040153,0.043549,0.0472,0.051406,0.056383,0.062114,0.068172,0.073824,0.07854,0.082259,0.085196,0.087573,0.089535,0.091164,0.092522,0.093665,0.094638,0.095483,0.096229,0.096898,0.097507,0.098067,0.098587,0.099072,0.099528,0.099959,0.10037,0.10076,0.10113,0.1015,0.10185,0.10219,0.10253,0.10287,0.10321,0.10355,0.10389,0.10424,0.1046,0.10497,0.10535,0.10573,0.10613,0.10654,0.10695,0.10737,0.10779,0.10821,0.10863,0.10905,0.10946,0.10986,0.11026
-0.22588,-0.21278,-0.19705,-0.20571,-0.18194,-0.16406,-0.14867,-0.13402,-0.12247,-0.11132,-0.096335,-0.082759,-0.074728,-0.068861,-0.063475,-0.057775,-0.05111,-0.043178,-0.034483,-0.025874,-0.017317,-0.0077517,0.003445,0.01479,0.02401,0.030553,0.035219,0.038911,0.042251,0.045641,0.049374,0.053665,0.05862,0.06412,0.069722,0.074837,0.079105,0.08252,0.085275,0.087557,0.089486,0.091125,0.092516,0.093699,0.094709,0.095583,0.096351,0.097035,0.097653,0.098219,0.09874,0.099226,0.09968,0.10011,0.10051,0.10089,0.10126,0.10161,0.10195,0.10228,0.10261,0.10292,0.10324,0.10355,0.10387,0.10419,0.10451,0.10484,0.10518,0.10552,0.10587,0.10624,0.10661,0.10699,0.10737,0.10776,0.10815,0.10855,0.10894,0.10933
-0.22588,-0.21278,-0.19704,-0.20523,-0.18185,-0.16403,-0.14896,-0.13429,-0.12277,-0.11205,-0.098015,-0.083832,-0.075212,-0.069209,-0.063873,-0.058344,-0.051987,-0.044424,-0.035989,-0.027522,-0.019272,-0.010448,-0.0001337,0.011041,0.020952,0.028358,0.03362,0.037603,0.040997,0.044253,0.047676,0.051474,0.055789,0.060641,0.06585,0.07101,0.075664,0.079558,0.082717,0.085304,0.087487,0.089369,0.091003,0.092417,0.093636,0.094686,0.095596,0.096393,0.097099,0.097734,0.09831,0.09883,0.099329,0.099786,0.10021,0.10062,0.101,0.10136,0.10171,0.10204,0.10236,0.10267,0.10297,0.10327,0.10357,0.10386,0.10415,0.10445,0.10474,0.10505,0.10536,0.10567,0.10599,0.10632,0.10666,0.10701,0.10736,0.10772,0.10808,0.10845
-0.22588,-0.21278,-0.19703,-0.20465,-0.18177,-0.16399,-0.14923,-0.13458,-0.12306,-0.11267,-0.099606,-0.085077,-0.075777,-0.069583,-0.064264,-0.058882,-0.0528,-0.045594,-0.037442,-0.029114,-0.021071,-0.01281,-0.0033675,0.0073064,0.017593,0.025819,0.031779,0.036172,0.039727,0.042952,0.046184,0.049643,0.053477,0.057754,0.06244,0.067328,0.07208,0.076336,0.079918,0.082856,0.085294,0.087376,0.089198,0.090811,0.092233,0.093482,0.09457,0.095519,0.096351,0.097087,0.097744,0.098338,0.09888,0.099379,0.099842,0.10027,0.10068,0.10106,0.10142,0.10177,0.1021,0.10241,0.10272,0.10301,0.1033,0.10358,0.10386,0.10413,0.1044,0.10468,0.10495,0.10523,0.10551,0.1058,0.1061,0.1064,0.10671,0.10702,0.10734,0.10767
-0.22588,-0.21278,-0.19703,-0.20395,-0.18168,-0.16396,-0.14948,-0.13489,-0.12335,-0.1132,-0.10106,-0.086493,-0.076444,-0.069987,-0.064657,-0.059393,-0.053556,-0.04669,-0.038837,-0.030664,-0.022762,-0.014907,-0.0062336,0.0037401,0.014047,0.022941,0.029651,0.034565,0.038385,0.041676,0.044814,0.048046,0.051532,0.055359,0.059543,0.064018,0.068588,0.072964,0.07688,0.080198,0.08295,0.085254,0.087237,0.088991,0.090566,0.091981,0.093246,0.094365,0.095352,0.096222,0.096992,0.097678,0.098296,0.098856,0.09937,0.099844,0.10029,0.1007,0.10108,0.10145,0.10179,0.10212,0.10244,0.10274,0.10303,0.10331,0.10358,0.10385,0.10411,0.10437,0.10462,0.10488,0.10513,0.10539,0.10565,0.10591,0.10618,0.10646,0.10674,0.10703
-0.22588,-0.21278,-0.19702,-0.20313,-0.18161,-0.16393,-0.1497,-0.13523,-0.12364,-0.11368,-0.10235,-0.08804,-0.077232,-0.070434,-0.065055,-0.059885,-0.054262,-0.047714,-0.040171,-0.032174,-0.02438,-0.016805,-0.0087255,0.00044976,0.010458,0.019774,0.027209,0.032732,0.036922,0.040371,0.043503,0.0466,0.049842,0.053328,0.057107,0.061158,0.065396,0.06965,0.073693,0.077314,0.08041,0.083002,0.085188,0.087079,0.088761,0.090286,0.091677,0.092942,0.094081,0.0951,0.096006,0.096812,0.097532,0.098178,0.098763,0.099296,0.099787,0.10024,0.10066,0.10106,0.10143,0.10178,0.10211,0.10243,0.10273,0.10302,0.1033,0.10357,0.10383,0.10408,0.10433,0.10457,0.10481,0.10505,0.10529,0.10553,0.10577,0.10601,0.10626,0.10651
-0.22588,-0.21278,-0.19702,-0.20216,-0.18153,-0.16391,-0.14989,-0.1356,-0.12394,-0.11412,-0.10347,-0.089669,-0.078158,-0.070936,-0.065467,-0.060363,-0.054927,-0.048671,-0.04144,-0.033643,-0.025946,-0.018558,-0.01099,-0.0025135,0.0069716,0.016413,0.02446,0.030635,0.035288,0.038988,0.042198,0.045237,0.048314,0.051554,0.055017,0.058711,0.062596,0.066587,0.070546,0.074288,0.077654,0.08056,0.083017,0.0851,0.086906,0.088517,0.089985,0.091339,0.092587,0.093732,0.094771,0.095708,0.096549,0.097303,0.097982,0.098595,0.099153,0.099664,0.10014,0.10057,0.10098,0.10136,0.10172,0.10206,0.10238,0.10269,0.10298,0.10326,0.10352,0.10378,0.10403,0.10428,0.10451,0.10474,0.10497,0.1052,0.10542,0.10565,0.10587,0.1061
-0.22588,-0.21278,-0.19702,-0.20104,-0.18146,-0.16389,-0.15005,-0.13599,-0.12425,-0.11452,-0.10443,-0.09132,-0.079236,-0.071509,-0.0659,-0.060834,-0.055555,-0.049565,-0.042642,-0.035068,-0.027475,-0.02021,-0.012991,-0.0051489,0.0036992,0.012983,0.021445,0.028253,0.033441,0.03748,0.04085,0.043908,0.046893,0.049956,0.05318,0.056586,0.060168,0.063868,0.067614,0.071294,0.07477,0.077913,0.080654,0.082993,0.08499,0.086723,0.088267,0.089676,0.090983,0.092202,0.093335,0.094381,0.095338,0.096207,0.096994,0.097706,0.09835,0.098936,0.099472,0.099964,0.10042,0.10084,0.10124,0.10161,0.10196,0.10229,0.1026,0.1029,0.10318,0.10345,0.10371,0.10396,0.1042,0.10444,0.10467,0.10489,0.10511,0.10532,0.10553,0.10575
-0.22588,-0.21278,-0.19702,-0.1998,-0.18139,-0.16388,-0.15019,-0.13641,-0.12457,-0.11491,-0.10527,-0.09293,-0.080466,-0.072184,-0.066362,-0.061303,-0.056155,-0.050404,-0.043778,-0.036445,-0.02897,-0.021794,-0.014818,-0.0074886,0.00070772,0.0096124,0.018245,0.025592,0.031349,0.035806,0.039417,0.042566,0.045526,0.048476,0.051521,0.05471,0.05804,0.061483,0.064986,0.068494,0.071919,0.075156,0.078102,0.080697,0.082934,0.084856,0.086527,0.088012,0.089366,0.090623,0.091802,0.09291,0.093947,0.09491,0.095798,0.096611,0.097352,0.098028,0.098643,0.099206,0.099725,0.1002,0.10064,0.10106,0.10144,0.1018,0.10214,0.10247,0.10277,0.10306,0.10334,0.10361,0.10386,0.10411,0.10434,0.10457,0.10479,0.105,0.10521,0.10542
-0.22588,-0.21278,-0.19701,-0.19844,-0.18132,-0.16387,-0.1503,-0.13684,-0.12491,-0.11528,-0.10599,-0.094446,-0.081838,-0.072929,-0.066865,-0.061777,-0.056733,-0.051194,-0.044849,-0.037769,-0.030433,-0.023331,-0.016518,-0.0095812,-0.0019832,0.0064093,0.014969,0.022695,0.028998,0.033928,0.037856,0.041169,0.044169,0.047064,0.049987,0.053005,0.056137,0.059367,0.062657,0.065967,0.069248,0.072438,0.075458,0.078228,0.080693,0.08284,0.084698,0.086318,0.087753,0.089057,0.090265,0.0914,0.092474,0.093489,0.094445,0.095338,0.096166,0.09693,0.097632,0.098276,0.098868,0.099411,0.099913,0.10038,0.10081,0.10121,0.10159,0.10195,0.10228,0.1026,0.1029,0.10319,0.10346,0.10372,0.10397,0.10421,0.10444,0.10466,0.10488,0.10509
-0.22588,-0.21278,-0.19701,-0.19702,-0.18126,-0.16386,-0.15039,-0.13728,-0.12527,-0.11565,-0.10664,-0.095834,-0.083323,-0.073808,-0.067419,-0.062264,-0.057296,-0.05194,-0.045858,-0.039037,-0.031862,-0.024833,-0.018129,-0.011479,-0.0043897,0.0034447,0.01173,0.019632,0.026398,0.031822,0.036129,0.039676,0.042783,0.045682,0.04853,0.051423,0.0544,0.057459,0.060573,0.063705,0.066823,0.069892,0.072866,0.07569,0.078299,0.080645,0.082712,0.084514,0.086089,0.087486,0.088748,0.089912,0.090961,0.092039,0.093023,0.093959,0.094844,0.095676,0.096453,0.097174,0.097842,0.098459,0.099028,0.099555,0.10004,0.1005,0.10092,0.10132,0.10169,0.10204,0.10237,0.10268,0.10298,0.10326,0.10353,0.10379,0.10404,0.10428,0.1045,0.10472
-0.22588,-0.21278,-0.19701,-0.19556,-0.1812,-0.16386,-0.15047,-0.13772,-0.12566,-0.11602,-0.10721,-0.097078,-0.08488,-0.074815,-0.068038,-0.062774,-0.05785,-0.052651,-0.046811,-0.040246,-0.033251,-0.026306,-0.019678,-0.01323,-0.006548,0.00074916,0.0086278,0.016499,0.023592,0.029482,0.034207,0.038051,0.041328,0.044289,0.047115,0.049925,0.052782,0.055703,0.058674,0.061663,0.064637,0.06757,0.070441,0.073218,0.075862,0.078323,0.080559,0.08255,0.084303,0.085843,0.087208,0.088437,0.089564,0.090617,0.091613,0.092562,0.09347,0.094336,0.095159,0.095937,0.096668,0.097352,0.097989,0.098581,0.099131,0.099641,0.10012,0.10056,0.10098,0.10137,0.10174,0.10208,0.10241,0.10272,0.10302,0.1033,0.10357,0.10382,0.10407,0.1043
-0.22588,-0.21278,-0.19701,-0.19413,-0.18114,-0.16387,-0.15054,-0.13815,-0.12607,-0.1164,-0.10774,-0.098179,-0.086457,-0.075956,-0.068738,-0.063313,-0.058403,-0.053334,-0.047711,-0.041397,-0.034599,-0.027752,-0.021185,-0.014875,-0.0085028,-0.0016814,0.0057303,0.013397,0.020646,0.026923,0.032074,0.036263,0.039768,0.042848,0.045704,0.048477,0.051248,0.05406,0.056913,0.059786,0.062645,0.065464,0.068221,0.070908,0.073505,0.076002,0.078306,0.080438,0.082359,0.084064,0.085572,0.086913,0.088117,0.089217,0.090237,0.091198,0.092113,0.092989,0.093829,0.094634,0.095402,0.096135,0.096821,0.09747,0.098078,0.098647,0.099179,0.099676,0.10014,0.10058,0.10099,0.10137,0.10174,0.10208,0.1024,0.10271,0.10301,0.10329,0.10356,0.10381
-0.22588,-0.21278,-0.19701,-0.19277,-0.18107,-0.16387,-0.1506,-0.13855,-0.12651,-0.11678,-0.10824,-0.09915,-0.088002,-0.077223,-0.069529,-0.064092,-0.058964,-0.053995,-0.048565,-0.042491,-0.035899,-0.029189,-0.02266,-0.016444,-0.010299,-0.0038731,0.0030715,0.010412,0.017646,0.024191,0.029731,0.034289,0.038072,0.041326,0.044264,0.047042,0.049766,0.052497,0.055255,0.058031,0.060798,0.063526,0.066193,0.068788,0.071306,0.073737,0.076062,0.078255,0.080287,0.082137,0.083797,0.085278,0.086598,0.087785,0.088864,0.08986,0.090792,0.091676,0.092521,0.093333,0.094113,0.094864,0.095582,0.096268,0.096919,0.097535,0.098117,0.098664,0.099178,0.099662,0.10012,0.10054,0.10095,0.10133,0.10169,0.10203,0.10235,0.10266,0.10296,0.10324
-0.22588,-0.21278,-0.19701,-0.19151,-0.181,-0.16388,-0.15066,-0.13892,-0.12697,-0.11718,-0.10871,-0.10001,-0.089473,-0.078597,-0.070425,-0.064527,-0.059539,-0.054643,-0.04938,-0.04353,-0.03715,-0.030557,-0.02411,-0.017959,-0.011977,-0.005863,0.00065466,0.0076081,0.014679,0.021347,0.027203,0.032121,0.036214,0.039691,0.04276,0.045591,0.048308,0.050988,0.053672,0.056367,0.059057,0.061715,0.064314,0.066838,0.069282,0.071644,0.073923,0.076107,0.078178,0.080112,0.081891,0.083506,0.084958,0.086261,0.087435,0.0885,0.089479,0.09039,0.091249,0.092067,0.092851,0.093606,0.094334,0.095035,0.095709,0.096353,0.096969,0.097555,0.098111,0.098637,0.099134,0.099604,0.10005,0.10047,0.10086,0.10124,0.1016,0.10194,0.10226,0.10257
-0.22588,-0.21278,-0.19701,-0.19038,-0.18093,-0.1639,-0.15072,-0.13925,-0.12746,-0.11759,-0.10918,-0.10077,-0.090839,-0.080049,-0.071432,-0.065225,-0.06014,-0.055285,-0.050163,-0.044519,-0.03835,-0.031907,-0.025536,-0.019438,-0.013568,-0.0076913,-0.0015387,0.005017,0.011822,0.018471,0.024533,0.02977,0.034183,0.037917,0.041163,0.044092,0.046841,0.049504,0.052139,0.054771,0.057396,0.059996,0.062544,0.065019,0.067409,0.069712,0.071932,0.074071,0.076124,0.078079,0.079919,0.081627,0.083193,0.084615,0.085901,0.087063,0.088119,0.089088,0.089985,0.090827,0.091623,0.092384,0.093114,0.093819,0.094499,0.095156,0.095788,0.096396,0.096978,0.097535,0.098066,0.098571,0.099051,0.099507,0.099939,0.10035,0.10074,0.10111,0.10147,0.1018
-0.22591,-0.21278,-0.19701,-0.18939,-0.18085,-0.16391,-0.15077,-0.13955,-0.12796,-0.11802,-0.10963,-0.10147,-0.092085,-0.081538,-0.072553,-0.065999,-0.060774,-0.055929,-0.050921,-0.045463,-0.0395,-0.033219,-0.026937,-0.020888,-0.015096,-0.0093946,-0.0035392,0.0026447,0.0091275,0.015637,0.021784,0.027266,0.031977,0.035987,0.039445,0.042515,0.045338,0.048026,0.050634,0.053222,0.055794,0.058344,0.060851,0.063291,0.065647,0.067912,0.070087,0.072177,0.074188,0.07612,0.077965,0.079713,0.081348,0.082863,0.084252,0.085518,0.086669,0.087719,0.088681,0.089571,0.090401,0.091183,0.091924,0.092636,0.09332,0.09398,0.094617,0.095233,0.095828,0.096401,0.096952,0.097481,0.097988,0.098472,0.098935,0.099376,0.099797,0.1002,0.10058,0.10095
-0.22588,-0.21278,-0.19701,-0.18855,-0.18077,-0.16393,-0.15083,-0.13981,-0.12848,-0.11848,-0.11009,-0.10211,-0.093211,-0.083023,-0.07378,-0.06686,-0.061454,-0.056585,-0.051663,-0.046367,-0.040599,-0.034488,-0.028311,-0.022316,-0.016581,-0.011005,-0.0053815,0.00047733,0.0066255,0.012911,0.019026,0.024656,0.029618,0.033897,0.037589,0.040834,0.043769,0.046507,0.049132,0.051698,0.054234,0.056743,0.059214,0.061627,0.063963,0.066207,0.068356,0.070413,0.072386,0.07428,0.0761,0.077842,0.079499,0.081062,0.082521,0.083873,0.085115,0.086254,0.087297,0.088255,0.089141,0.089965,0.090738,0.091469,0.092165,0.092833,0.093475,0.094095,0.094694,0.095274,0.095834,0.096375,0.096897,0.097404,0.097883,0.098346,0.098791,0.099217,0.099625,0.10002
-0.22588,-0.21278,-0.19701,-0.18783,-0.18066,-0.16396,-0.15089,-0.14004,-0.129,-0.11896,-0.11056,-0.10271,-0.094223,-0.084465,-0.075096,-0.067816,-0.06219,-0.057262,-0.052399,-0.047239,-0.041653,-0.035714,-0.029654,-0.023721,-0.018035,-0.012547,-0.0070993,-0.0015103,0.0043208,0.010338,0.016325,0.021999,0.02714,0.031657,0.035586,0.039029,0.042109,0.044937,0.047606,0.050179,0.052697,0.055176,0.057619,0.060009,0.06233,0.064565,0.066706,0.068748,0.070698,0.072563,0.074352,0.076068,0.077714,0.079284,0.080773,0.082175,0.083483,0.084697,0.085819,0.086853,0.087807,0.08869,0.089512,0.090282,0.091007,0.091694,0.09235,0.092981,0.093586,0.094171,0.094738,0.095283,0.095812,0.096324,0.096818,0.097295,0.097755,0.098198,0.098624,0.099034
-0.22588,-0.21278,-0.19701,-0.18724,-0.18055,-0.16398,-0.15095,-0.14025,-0.12951,-0.11946,-0.11103,-0.10328,-0.095136,-0.085832,-0.076474,-0.068869,-0.062992,-0.05797,-0.053131,-0.048086,-0.042664,-0.036894,-0.030963,-0.025104,-0.019463,-0.014041,-0.0087222,-0.0033484,0.0022019,0.0079388,0.013733,0.019359,0.024592,0.029295,0.033442,0.037091,0.040338,0.043287,0.046031,0.048639,0.051163,-0.016892,0.056052,0.058424,0.060733,0.062964,0.065105,0.067148,0.069093,0.070946,0.072714,0.074406,0.076028,0.077584,0.079071,0.080488,0.081829,0.083091,0.084271,0.08537,0.086391,0.087339,0.088219,0.08904,0.089809,0.090532,0.091216,0.091866,0.092487,0.093084,0.093657,0.094211,0.094746,0.095264,0.095765,0.09625,0.096718,0.097172,0.09761,0.098033
-0.22588,-0.21278,-0.19701,-0.18676,-0.18041,-0.16401,-0.15101,-0.14043,-0.13,-0.11999,-0.11152,-0.10384,-0.095967,-0.087106,-0.077882,-0.070016,-0.06387,-0.058719,-0.053875,-0.048916,-0.043639,-0.038031,-0.032236,-0.026462,-0.02087,-0.015498,-0.010275,-0.0050671,0.00024713,0.0057182,0.011286,0.016789,0.02203,0.02685,0.031177,0.03502,0.038444,0.041537,0.044383,0.047055,0.04961,0.052085,0.0545,0.05686,0.059161,0.06139,0.063535,0.065586,0.06754,0.069396,0.071161,0.072841,0.074447,0.075983,0.077456,0.078865,0.080211,0.081491,0.082702,0.083843,0.084915,0.085917,0.086854,0.087729,0.088547,0.089316,0.090039,0.090722,0.091371,0.091989,0.09258,0.093148,0.093694,0.094211,0.094729,0.095221,0.095696,0.096157,0.096602,0.097034
-0.22588,-0.21278,-0.19701,-0.18636,-0.18025,-0.16404,-0.15108,-0.14059,-0.13046,-0.12053,-0.11203,-0.10439,-0.096733,-0.08828,-0.079286,-0.071246,-0.064831,-0.05952,-0.054639,-0.049738,-0.044585,-0.039128,-0.033469,-0.027792,-0.022256,-0.016929,-0.011776,-0.0066934,-0.00157,0.0036646,0.008999,0.014332,0.019508,0.024371,0.028823,0.032832,0.036428,0.039674,0.042642,0.045404,0.048015,0.05052,0.052946,0.055307,0.057604,0.059833,0.061984,0.064047,0.066015,0.067886,0.069661,0.071346,0.072948,0.074476,0.075935,0.077332,0.078668,0.079946,0.081165,0.082324,0.083422,0.084459,0.085437,0.086358,0.087223,0.088036,0.088802,0.089526,0.09021,0.090859,0.091477,0.092068,0.092633,0.093175,0.093698,0.094201,0.094687,0.095155,0.09561,0.096049
-0.22588,-0.21278,-0.19701,-0.18604,-0.18006,-0.16407,-0.15115,-0.14074,-0.13089,-0.12109,-0.11256,-0.10495,-0.09745,-0.089384,-0.080654,-0.072539,-0.065875,-0.060382,-0.055433,-0.050562,-0.045507,-0.040187,-0.034664,-0.029088,-0.023623,-0.018338,-0.013239,-0.00825,-0.0032762,0.0017586,0.0068729,0.012015,0.017071,0.02191,0.026423,0.030554,0.0343,0.037695,0.040797,0.043666,0.046357,0.048915,0.051371,0.053748,0.056052,0.058287,0.060445,0.06252,0.064505,0.066396,0.068191,0.069892,0.071506,0.073038,0.074496,0.075886,0.077214,0.078483,0.079697,0.080856,0.081962,0.083014,0.083973,0.084962,0.085859,0.086709,0.087512,0.088273,0.088993,0.089678,0.090328,0.090948,0.09154,0.092106,0.092649,0.093171,0.093673,0.094157,0.094623,0.095073
-0.22588,-0.21278,-0.19701,-0.18579,-0.17984,-0.1641,-0.15123,-0.14088,-0.13128,-0.12165,-0.1131,-0.1055,-0.098132,-0.090339,-0.08196,-0.07387,-0.067001,-0.061312,-0.056268,-0.051396,-0.046416,-0.041214,-0.035821,-0.030356,-0.024961,-0.019727,-0.014673,-0.0097551,-0.0048951,-2.3753e-05,0.004896,0.0098451,0.01475,0.01951,0.024025,0.028225,0.032083,0.035611,0.038845,0.041831,0.044553,0.047248,0.049756,0.052166,0.054492,0.05674,0.05891,0.060999,0.063002,0.064914,0.066732,0.068457,0.070092,0.071642,0.073111,0.074507,0.075836,0.077102,0.078311,0.079465,0.080568,0.081621,0.082626,0.083585,0.084626,0.085368,0.086196,0.086983,0.087733,0.088447,0.089128,0.089778,0.090399,0.090993,0.091563,0.092109,0.092634,0.093138,0.093623,0.094091
-0.22588,-0.21278,-0.19701,-0.18558,-0.17959,-0.16412,-0.15131,-0.14101,-0.13164,-0.12222,-0.11367,-0.10607,-0.098791,-0.091245,-0.083189,-0.07521,-0.068198,-0.062317,-0.057152,-0.052253,-0.04732,-0.042216,-0.036942,-0.031588,-0.026274,-0.021095,-0.016085,-0.011222,-0.0064489,-0.0017053,0.0030499,0.0078145,0.012563,0.017208,0.021672,0.025887,0.029813,0.033443,0.036792,0.039903,0.042785,0.045503,0.048081,0.050542,0.052905,0.05518,0.057371,0.059479,0.061501,0.063434,0.065277,0.067029,0.068691,0.070265,0.071757,0.073171,0.074512,0.075786,0.076998,0.078152,0.078868,0.080303,0.081307,0.082265,0.083181,0.084057,0.084894,0.085694,0.08646,0.087194,0.087896,0.088569,0.089215,0.089835,0.09043,0.091002,0.091553,0.092082,0.092591,0.093081
-0.22588,-0.21278,-0.19701,-0.18541,-0.1793,-0.16415,-0.1514,-0.14114,-0.13197,-0.12277,-0.11426,-0.10666,-0.099438,-0.092089,-0.084334,-0.076531,-0.06945,-0.063396,-0.058096,-0.053141,-0.048228,-0.043201,-0.038032,-0.032784,-0.027557,-0.022441,-0.017563,-0.012659,-0.0079528,-0.003308,0.0013136,0.005927,0.010513,0.015024,0.0194,0.023582,0.027529,0.03122,0.034659,0.037861,0.040855,0.043667,0.046327,0.048857,0.051273,0.053591,0.055815,0.05795,0.059996,0.061953,0.063822,0.0656,0.067291,0.068895,0.070415,0.071855,0.073219,0.074511,0.075737,0.076901,0.078009,0.079061,0.080063,0.08102,0.081934,0.082808,0.083644,0.084446,0.085215,0.085954,0.086666,0.087351,0.088011,0.088648,0.089263,0.089856,0.090429,0.090983,0.091516,0.092031
-0.22588,-0.21278,-0.19701,-0.18528,-0.17898,-0.16418,-0.15149,-0.14126,-0.13226,-0.12331,-0.11486,-0.10726,-0.10008,-0.092884,-0.085396,-0.07781,-0.070734,-0.064543,-0.059105,-0.054073,-0.049152,-0.044176,-0.039095,-0.033947,-0.02881,-0.023762,-0.018847,-0.014073,-0.0094196,-0.0048504,-0.00033336,0.0041492,0.008592,0.012967,0.017233,0.021347,0.025271,0.028982,0.032474,0.035753,0.038835,0.041739,0.044487,0.047095,0.049582,0.051956,0.054227,0.0564,0.058479,0.060466,0.062362,0.064169,0.065888,0.067522,0.069073,0.070544,0.071937,0.073257,0.074507,0.075691,0.076814,0.077879,0.078889,0.07985,0.080764,0.081636,0.082469,0.083267,0.084032,0.084769,0.085479,0.086164,0.086826,0.087468,0.088092,0.088697,0.089284,0.089854,0.090407,0.090943
-0.22588,-0.21278,-0.19701,-0.18517,-0.17863,-0.1642,-0.15159,-0.14139,-0.13253,-0.12382,-0.11548,-0.10788,-0.10073,-0.093644,-0.086382,-0.079027,-0.072025,-0.065751,-0.060182,-0.055056,-0.050103,-0.045152,-0.040139,-0.035079,-0.030031,-0.025056,-0.020196,-0.015467,-0.010858,-0.0063467,-0.0019109,0.0024673,0.006788,0.011036,0.015187,0.019208,0.023074,0.026766,0.030273,0.033596,0.036743,0.039726,0.042556,0.045248,0.047812,0.050257,0.0526,0.055042,0.05694,0.058964,0.060895,0.062732,0.064482,0.066146,0.067728,0.06923,0.070656,0.072008,0.073289,0.074502,0.07565,0.076736,0.077765,0.078739,0.079662,0.080539,0.081374,0.082169,0.082931,0.083662,0.084365,0.085043,0.0857,0.086337,0.086958,0.087562,0.088152,0.088727,0.089289,0.089837
-0.22588,-0.21278,-0.19701,-0.18508,-0.17826,-0.16422,-0.15169,-0.14151,-0.13278,-0.1243,-0.11609,-0.10852,-0.10139,-0.094382,-0.087238,-0.080174,-0.073299,-0.066999,-0.061326,-0.056099,-0.051091,-0.046139,-0.041172,-0.036225,-0.03122,-0.02632,-0.021521,-0.01684,-0.012273,-0.0078097,-0.0034348,0.00086232,0.0050837,0.0092216,0.01326,0.017181,0.020967,0.024607,0.028093,0.031426,0.034607,0.037645,0.040545,0.043314,0.045958,0.048482,0.050889,0.053182,0.055365,0.05744,0.059413,0.061289,0.063072,0.064768,0.066381,0.067914,0.069372,0.070757,0.072071,0.073317,0.075473,0.075614,0.07667,0.077667,0.07861,0.079502,0.080346,0.081149,0.081913,0.082642,0.08334,0.084012,0.08466,0.085288,0.085899,0.086494,0.087076,0.087646,0.088204,0.088755
-0.22588,-0.21278,-0.19701,-0.18501,-0.17788,-0.16424,-0.15179,-0.14164,-0.133,-0.12475,-0.11671,-0.10918,-0.10206,-0.095108,-0.088169,-0.081247,-0.074533,-0.068266,-0.062527,-0.057205,-0.052126,-0.047149,-0.042202,-0.037272,-0.032378,-0.027554,-0.02282,-0.018191,-0.013667,-0.0092454,-0.0049185,-0.00068236,0.0034622,0.0075089,0.011448,0.01527,0.018967,0.022533,0.02597,0.029146,0.032461,0.035523,0.038469,0.041301,0.044019,0.046623,0.049112,0.051482,0.053737,0.055878,0.057908,0.059833,0.061657,0.06339,0.065035,0.0666,0.068088,0.069502,0.070851,0.072131,0.073346,0.074497,0.075586,0.076615,0.077586,0.078503,0.079369,0.074424,0.080964,0.081701,0.082403,0.083075,0.083719,0.08434,0.08494,0.085523,0.086091,0.086647,0.087193,0.087729
-0.22588,-0.21278,-0.19701,-0.18496,-0.1775,-0.16425,-0.1519,-0.14177,-0.13321,-0.12516,-0.11731,-0.10985,-0.10275,-0.095832,-0.088996,-0.08225,-0.075711,-0.069531,-0.063772,-0.058375,-0.053218,-0.048193,-0.043241,-0.038344,-0.033511,-0.028756,-0.024089,-0.019517,-0.01504,-0.010659,-0.0063715,-0.0021812,0.0019062,0.0058824,0.0097395,0.013473,0.01708,0.020564,0.023931,0.027186,0.03034,0.033396,0.036359,0.03923,0.042005,0.044681,0.047249,0.049705,0.052045,0.054265,0.056367,0.058355,0.060234,0.062011,0.063694,0.065291,0.06681,0.068255,0.069632,0.070944,0.072192,0.073379,0.074504,0.075568,0.076573,0.077523,0.07842,0.079267,0.079944,0.080823,0.08154,0.082221,0.082871,0.083492,0.084088,0.084662,0.085217,0.085758,0.086286,0.086804
-0.22588,-0.21278,-0.19701,-0.18491,-0.17712,-0.16426,-0.15202,-0.1419,-0.13341,-0.12554,-0.11789,-0.11053,-0.10346,-0.096563,-0.089794,-0.08319,-0.076824,-0.070768,-0.065043,-0.059603,-0.054371,-0.049281,-0.044298,-0.039411,-0.034624,-0.029927,-0.025328,-0.020815,-0.016391,-0.012051,-0.0077999,-0.0036161,0.00040119,0.004326,0.0081201,0.01178,0.015306,0.018707,0.021994,0.02518,0.028278,0.031298,0.034248,0.037128,0.039937,0.042668,0.045306,0.047847,0.050277,0.052588,0.054778,0.056847,0.058794,0.060628,0.062358,0.063994,0.065545,0.067018,0.068422,0.069762,0.071041,0.072259,0.073418,0.074519,0.07556,0.076547,0.077482,0.078365,0.0792,0.079987,0.080731,0.081435,0.082103,0.082736,0.083336,0.083908,0.084456,0.084984,0.085496,0.085995
-0.22588,-0.21278,-0.19701,-0.18487,-0.17676,-0.16426,-0.15213,-0.14203,-0.1336,-0.12589,-0.11844,-0.11122,-0.10419,-0.097307,-0.090577,-0.084076,-0.077867,-0.07196,-0.066317,-0.060877,-0.055588,-0.050424,-0.045387,-0.040484,-0.035714,-0.031068,-0.026531,-0.022084,-0.017717,-0.013423,-0.0092074,-0.0050821,-0.0010657,0.0028249,0.0065748,0.010179,0.013639,0.016964,0.020172,0.023279,0.026305,0.029265,0.032172,0.035032,0.037844,0.040603,0.043297,0.045911,0.04843,0.05084,0.05313,0.055296,0.05733,0.059237,0.061027,0.06271,0.064298,0.065802,0.067232,0.068597,0.0699,0.071145,0.072334,0.073466,0.074542,0.075567,0.076543,0.077469,0.078346,0.077747,0.079957,0.080696,0.081395,0.082051,0.082667,0.083247,0.083796,0.084318,0.084818,0.085299
-0.22588,-0.21278,-0.19701,-0.18484,-0.17643,-0.16425,-0.15225,-0.14218,-0.13379,-0.12621,-0.11896,-0.1119,-0.10495,-0.09807,-0.091354,-0.084922,-0.078843,-0.07309,-0.06757,-0.062179,-0.056863,-0.051629,-0.046519,-0.041572,-0.036798,-0.032184,-0.027701,-0.023319,-0.019014,-0.014773,-0.010595,-0.0064973,-0.0025018,0.0013666,0.0050892,0.0086555,0.012066,0.01533,0.018464,0.021493,0.024439,0.027324,0.030166,0.032977,0.035763,0.038521,0.04124,0.043911,0.04651,0.049018,0.051417,0.053695,0.055833,0.05783,0.059695,0.061439,0.063074,0.064613,0.066071,0.067458,0.068782,0.070048,0.071259,0.072416,0.073521,0.07458,0.075596,0.076566,0.07749,0.078367,0.079197,0.079982,0.080723,0.081415,0.082056,0.082652,0.083208,0.083729,0.084219,0.084682
-0.22588,-0.21278,-0.19701,-0.18481,-0.17613,-0.16424,-0.15238,-0.14232,-0.13397,-0.12651,-0.11945,-0.11257,-0.10571,-0.098855,-0.092135,-0.085737,-0.079757,-0.074153,-0.068781,-0.063487,-0.058187,-0.052898,-0.047704,-0.042687,-0.037882,-0.033277,-0.028837,-0.024517,-0.020279,-0.016096,-0.011962,-0.0078928,-0.0039154,-5.8926e-05,0.0036504,0.0071967,0.010576,0.013793,0.016868,0.019825,0.022692,0.025494,0.028257,0.030998,0.03373,0.036457,0.039175,0.041873,0.044532,0.047128,0.049639,0.05204,0.054297,0.056402,0.058359,0.060179,0.061873,0.063457,0.064947,0.066358,0.0677,0.06898,0.070206,0.07138,0.072504,0.073589,0.074639,0.075651,0.076622,0.077549,0.078431,0.079269,0.080062,0.080798,0.081473,0.082091,0.082659,0.083182,0.083664,0.084112
-0.22588,-0.21278,-0.19701,-0.18479,-0.17586,-0.16421,-0.1525,-0.14248,-0.13414,-0.12678,-0.1199,-0.11321,-0.10649,-0.099665,-0.092928,-0.086533,-0.080619,-0.075144,-0.069923,-0.064777,-0.059542,-0.054229,-0.048951,-0.043841,-0.038974,-0.034352,-0.029939,-0.025677,-0.021507,-0.017389,-0.013305,-0.0092698,-0.0053097,-0.0014693,0.0022477,0.0057893,0.0091548,0.012344,0.015374,0.018272,0.021066,0.023788,0.026465,0.029123,0.031724,0.034448,0.037133,0.03983,0.042523,0.04519,0.047804,0.050333,0.052719,0.054946,0.057013,0.058925,0.060693,0.062333,0.063864,0.065302,0.066662,0.067954,0.069187,0.070368,0.071501,0.072601,0.073676,0.074721,0.075734,0.076711,0.077648,0.078539,0.079397,0.080186,0.080904,0.081556,0.082146,0.08268,0.083165,0.083605
-0.22588,-0.21278,-0.19701,-0.18477,-0.17562,-0.16418,-0.15263,-0.14264,-0.13432,-0.12704,-0.12032,-0.11383,-0.10726,-0.1005,-0.093741,-0.087321,-0.081436,-0.076065,-0.071012,-0.066024,-0.060905,-0.055612,-0.050264,-0.045046,-0.040087,-0.035417,-0.031012,-0.026797,-0.022697,-0.018648,-0.014622,-0.010625,-0.0066853,-0.0028403,0.00087264,0.0044223,0.0077905,0.010969,0.013972,0.016826,0.01956,0.022208,0.024582,0.02737,0.02994,0.032529,0.035153,0.037819,0.040516,0.043229,0.04592,0.048582,0.051102,0.053463,0.055652,0.057672,0.059529,0.061236,0.062816,0.064287,0.065665,0.066963,0.068194,0.069368,0.070492,0.071587,0.072666,0.073726,0.074763,0.075773,0.076752,0.077697,0.078607,0.079449,0.080211,0.080896,0.081511,0.08206,0.082551,0.082989
-0.22588,-0.21278,-0.19701,-0.18476,-0.17542,-0.16414,-0.15277,-0.1428,-0.1345,-0.12729,-0.1207,-0.11441,-0.10803,-0.10136,-0.09458,-0.08811,-0.082221,-0.076923,-0.072016,-0.067209,-0.062251,-0.05703,-0.051643,-0.046311,-0.04123,-0.036477,-0.032054,-0.027883,-0.023845,-0.01987,-0.015907,-0.011957,-0.0080431,-0.0042033,-0.00048058,0.0030869,0.0064722,0.0096566,0.01265,0.015476,0.018165,0.020751,0.023269,0.025751,0.028227,0.030725,0.033269,0.035876,0.038549,0.041276,0.04404,0.046803,0.049451,0.051942,0.054257,0.056388,0.058336,0.060109,0.061924,0.063214,0.064582,0.065848,0.067027,0.068132,0.069176,0.070187,0.071186,0.072172,0.073145,0.074104,0.075049,0.075979,0.076893,0.077752,0.078535,0.079243,0.07988,0.08045,0.080958,0.08141
-0.22588,-0.21278,-0.19701,-0.1847,-0.17524,-0.16409,-0.1529,-0.14297,-0.13468,-0.12752,-0.12105,-0.11495,-0.10878,-0.10223,-0.095447,-0.088909,-0.082666,-0.077725,-0.072941,-0.068318,-0.063553,-0.05846,-0.053078,-0.047641,-0.042414,-0.037541,-0.033072,-0.028918,-0.02495,-0.02105,-0.017156,-0.013261,-0.0093789,-0.0055492,-0.0018156,0.0017781,0.0051907,0.0083959,0.011396,0.014212,0.016872,0.01941,0.021863,0.024266,0.026653,0.029054,0.031505,0.034034,0.036652,0.039363,0.042146,0.045006,0.047762,0.050368,0.052795,0.055025,0.057049,0.058869,0.060504,0.061971,0.063286,0.064467,0.065532,0.066497,0.067376,0.068211,0.069028,0.069833,0.070628,0.07142,0.072212,0.073011,0.073822,0.074607,0.075353,0.076041,0.076688,0.07729,0.077846,0.078355
-0.22588,-0.21278,-0.19701,-0.18476,-0.17508,-0.16403,-0.15304,-0.14315,-0.13486,-0.12774,-0.12138,-0.11543,-0.1095,-0.10311,-0.096345,-0.089726,-0.083727,-0.07848,-0.073793,-0.069341,-0.064789,-0.059874,-0.054554,-0.049039,-0.043649,-0.038615,-0.034068,-0.029921,-0.026011,-0.022187,-0.018365,-0.014529,-0.010689,-0.0068702,-0.0031336,0.00048623,0.0039388,0.0071772,0.010199,0.013012,0.015668,0.018175,0.020578,0.022913,0.025217,0.027524,0.029877,0.032314,0.034858,0.037524,0.04032,0.043223,0.046062,0.048765,0.051296,0.053626,0.055735,0.057619,0.059293,0.060774,0.062076,0.06322,0.064223,0.065106,0.065886,0.066613,0.067318,0.068009,0.068692,0.069371,0.070053,0.070743,0.071443,0.072127,0.072781,0.073409,0.074012,0.074593,0.075155,0.075701
-0.22588,-0.21278,-0.19701,-0.18472,-0.17495,-0.16397,-0.15319,-0.14334,-0.13504,-0.12796,-0.12168,-0.11591,-0.11018,-0.10398,-0.097272,-0.090566,-0.084466,-0.079197,-0.074581,-0.070278,-0.065941,-0.061243,-0.056046,-0.050497,-0.044943,-0.039709,-0.035046,-0.030886,-0.027027,-0.023277,-0.01953,-0.015761,-0.01197,-0.0081792,-0.0044339,-0.00078577,0.0027114,0.0059939,0.0090508,0.011893,0.014543,0.017034,0.019401,0.021682,0.023913,0.026131,0.028385,0.03072,0.033166,0.035753,0.038502,0.041411,0.044277,0.047024,0.049611,0.052002,0.054172,0.056106,0.057807,0.059326,0.060639,0.061777,0.062759,0.063606,0.064338,0.065013,0.065673,0.066322,0.066967,0.067614,0.068264,0.068918,0.069559,0.070175,0.070768,0.071342,0.071897,0.072443,0.072975,0.073499
-0.22588,-0.21278,-0.19701,-0.18471,-0.17484,-0.16391,-0.15334,-0.14353,-0.13523,-0.12817,-0.12196,-0.11632,-0.11081,-0.10484,-0.098223,-0.091434,-0.085205,-0.079882,-0.075303,-0.071129,-0.066999,-0.062541,-0.057527,-0.052002,-0.046299,-0.040828,-0.036011,-0.031815,-0.027999,-0.02432,-0.020649,-0.016949,-0.013215,-0.0094566,-0.0057141,-0.00204,0.0015049,0.0048393,0.0079419,0.010818,0.013486,0.015972,0.018316,0.020551,0.022712,0.024836,0.026973,0.029171,0.031463,0.033883,0.036466,0.039227,0.041946,0.044548,0.047003,0.049284,0.051368,0.053241,0.05492,0.056416,0.057734,0.058886,0.059886,0.060748,0.061488,0.062179,0.062872,0.063576,0.064299,0.065047,0.065828,0.066649,0.06746,0.06803,0.068588,0.069135,0.069674,0.070208,0.070738,0.07127
-0.22588,-0.21278,-0.19701,-0.18471,-0.17474,-0.16384,-0.15349,-0.14373,-0.13543,-0.12838,-0.12222,-0.11671,-0.1114,-0.10568,-0.09919,-0.092334,-0.085949,-0.080546,-0.075978,-0.071901,-0.067958,-0.063747,-0.058964,-0.053531,-0.047714,-0.04198,-0.036967,-0.032712,-0.028927,-0.025316,-0.021719,-0.018094,-0.01442,-0.010702,-0.0069709,-0.0032754,0.00031809,0.0037087,0.0068654,0.009785,0.01248,0.014975,0.017302,0.019494,0.021583,0.023602,0.025602,0.027629,0.029713,0.031888,0.034198,0.036673,0.039078,0.041347,0.04347,0.045438,0.047243,0.04888,0.050384,0.051773,0.053051,0.054218,0.055276,0.056226,0.057059,0.057857,0.058689,0.059562,0.060482,0.061454,0.062481,0.063565,0.064697,0.065637,0.066411,0.067104,0.067752,0.068373,0.068977,0.06957
-0.22588,-0.21279,-0.19701,-0.1847,-0.17466,-0.16378,-0.15365,-0.14394,-0.13563,-0.12859,-0.12247,-0.11706,-0.11193,-0.10647,-0.10016,-0.093264,-0.086703,-0.081192,-0.07661,-0.072602,-0.068819,-0.064848,-0.060327,-0.055057,-0.049179,-0.043169,-0.037917,-0.033578,-0.029814,-0.026264,-0.022738,-0.019187,-0.015581,-0.011911,-0.0081999,-0.0044895,-0.00084955,0.0025992,0.0058151,0.0087881,0.011518,0.01403,0.016349,0.018509,0.020539,0.022469,0.024354,0.026241,0.028159,0.030147,0.032256,0.03453,0.036718,0.038754,0.040638,0.042367,0.043939,0.045349,0.046648,0.047876,0.04904,0.05015,0.051215,0.052242,0.053241,0.054263,0.055344,0.056487,0.05769,0.058952,0.060268,0.061633,0.063032,0.064196,0.065138,0.065959,0.066704,0.067399,0.068061,0.068699
-0.22588,-0.21278,-0.19701,-0.18469,-0.17459,-0.16372,-0.15381,-0.14416,-0.13583,-0.1288,-0.12271,-0.11738,-0.11242,-0.10721,-0.10113,-0.094223,-0.087471,-0.081827,-0.077207,-0.073241,-0.06959,-0.065838,-0.061593,-0.056302,-0.050679,-0.044396,-0.038865,-0.034414,-0.03066,-0.027166,-0.023707,-0.02023,-0.016693,-0.013079,-0.0093965,-0.0056808,-0.0020005,0.0015027,0.0047757,0.0077972,0.010564,0.01309,0.015398,0.017517,0.019476,0.021309,0.023072,0.024817,0.026577,0.028392,0.030324,0.032435,0.034464,0.036346,0.038085,0.039682,0.041132,0.04241,0.043576,0.044691,0.045766,0.046808,0.047828,0.048832,0.049831,0.050954,0.052257,0.053696,0.055236,0.056843,0.058494,0.060165,0.061833,0.063199,0.064285,0.065207,0.066026,0.066772,0.067469,0.068128
-0.22588,-0.21278,-0.19701,-0.18469,-0.17453,-0.16366,-0.15396,-0.14439,-0.13603,-0.12901,-0.12294,-0.11768,-0.11286,-0.10789,-0.10207,-0.095205,-0.088254,-0.082455,-0.077777,-0.073827,-0.070278,-0.066723,-0.062744,-0.057965,-0.052189,-0.04566,-0.039815,-0.035225,-0.031461,-0.028022,-0.024626,-0.021219,-0.017756,-0.014204,-0.010564,-0.0068597,-0.0031581,0.00037724,0.0036259,0.0067224,0.0095177,0.011986,0.014235,0.016263,0.0181,0.01978,0.021367,0.022919,0.024469,0.026061,0.027764,0.029658,0.031491,0.033206,0.034817,0.03634,0.03779,0.039141,0.040231,0.041295,0.042343,0.043383,0.044421,0.045466,0.046522,0.047735,0.049198,0.050881,0.052734,0.054695,0.056704,0.058713,0.060677,0.062262,0.063499,0.064528,0.06542,0.066217,0.066945,0.067621
-0.22588,-0.21278,-0.19701,-0.18468,-0.17448,-0.16361,-0.15411,-0.14463,-0.13625,-0.12921,-0.12316,-0.11795,-0.11326,-0.10851,-0.10297,-0.096201,-0.089054,-0.08308,-0.078324,-0.074368,-0.070894,-0.067492,-0.063773,-0.059289,-0.05368,-0.046955,-0.040769,-0.036012,-0.03224,-0.028836,-0.025498,-0.022163,-0.018778,-0.015309,-0.011743,-0.0080616,-0.0044071,-0.00095027,0.0022984,0.0052671,0.0079411,0.010325,0.012439,0.014947,0.015981,0.017478,0.018874,0.02023,0.021581,0.022963,0.024437,0.026093,0.027714,0.029247,0.030712,0.032124,0.033499,0.034848,0.036117,0.037323,0.038501,0.039671,0.040845,0.04203,0.043233,0.044604,0.046262,0.048187,0.050338,0.052636,0.054993,0.057331,0.059585,0.061384,0.062769,0.063898,0.064859,0.065702,0.066457,0.067147
-0.22588,-0.21278,-0.19701,-0.18468,-0.17443,-0.16356,-0.15425,-0.14489,-0.13646,-0.12943,-0.12338,-0.11821,-0.11361,-0.10907,-0.10382,-0.097199,-0.089868,-0.083704,-0.078854,-0.074872,-0.071447,-0.068176,-0.064679,-0.060495,-0.055121,-0.048269,-0.04173,-0.036778,-0.032984,-0.029618,-0.026343,-0.0231,-0.01984,-0.016531,-0.013164,-0.0097484,-0.0063391,-0.0031235,-0.00016831,0.002531,0.0049478,0.0071038,0.0090216,0.010733,0.012254,0.013666,0.014992,0.016312,0.017653,0.019039,0.020493,0.022016,0.023502,0.02494,0.026348,0.027741,0.029131,0.030529,0.031906,0.033261,0.034612,0.035967,0.037332,0.038712,0.040107,0.041668,0.043523,0.045676,0.048089,0.050681,0.053347,0.055986,0.058512,0.060514,0.06204,0.063268,0.064296,0.065183,0.065966,0.06667
